{
    "Jaccard micro": 0.139867002119197,
    "Jaccard macro": 0.034677167535289245
}