{
    "Jaccard micro": 0.0817718764932543,
    "Jaccard macro": 0.005779050899477924
}