{
    "Jaccard micro": 0.08339874205938065,
    "Jaccard macro": 0.011089096187231763
}