{
    "Jaccard micro": 0.24729394690693596,
    "Jaccard macro": 0.08570564828232126
}